{"cameraMode":{"drawMode":0,"name":"Shaded","section":"Shading Mode"},"sceneLighting":true,"audioPlay":false,"sceneViewState":{"m_AlwaysRefresh":false,"showFog":true,"showSkybox":true,"showFlares":true,"showImageEffects":true,"showParticleSystems":true,"showVisualEffectGraphs":true,"m_FxEnabled":true},"in2DMode":false,"pivot":{"x":-2.7186965942382814,"y":0.6754233837127686,"z":2.1864352226257326},"rotation":{"x":-0.06510572880506516,"y":0.9281608462333679,"z":-0.31047967076301577,"w":-0.19462962448596955},"size":12.82369613647461,"orthographic":false}